课程,交流资料,资源,方向
Agile敏捷开发,QR code,URL,common
数据库技术,QR code,URL,架构师
体系结构,QR code,URL,物联网
数据结构,QR code,URL,common
文档与工具,QR code,URL,common
计算机组成与操作系统,QR code,URL,common
计算机网络,QR code,URL,common
单元测试,QR code,Java1 Java2 C/C++,common
Firmware & Bootloader,QR code,URL,物联网
系统管理,QR code,URL,common
C/C++最佳实践,QR code,URL,物联网
Java程序设计,QR code,URL1 URL2,架构师
设计模式,QR code,URL,common
Linux/macOS/Windows,QR code,URL,common
C-like程序设计,QR code,URL,common
C/C++程序设计,QR code,URL1 URL2,物联网
Java最佳实践,QR code,URL,架构师
JavaScript程序设计,QR code,URL,common
JavaScript最佳实践,QR code,URL,common
Python程序设计,QR code,URL,common
Python最佳实践,QR code,URL,common
DevOps,QR code,URL,common
Linux Kernel,QR code,URL,物联网
RTOS与低功耗,QR code,URL,物联网
H5与前端框架,QR code,URL,common
面试,QR code,URL,common
总线与I/O技术,QR code,URL,物联网
全栈技术（JavaScript版）,QR code,URL,common
全栈技术（Java版）,QR code,URL,架构师
全栈技术（Python版）,QR code,URL,common
嵌入式系统构建,QR code,URL,物联网
MS & SM,QR code,URL,架构师
中国文学史,QR code,URL,common
Hackintosh,QR code,URL,common
技术沙龙,QR code,URL,common
程序优化,QR code,URL,common
Docker容器技术,QR code,URL,common
Kubernetes & PaaS,QR code,URL,common
虚拟化技术,QR code,URL,common
OpenStack & IaaS,QR code,URL,common
中间件技术,QR code,URL,架构师
iOS & Android,QR code,URL,架构师
Spark,QR code,URL,架构师
Hadoop,QR code,URL,架构师
IoTHub,QR code,URL,common
